"Project name","YiQi"
"Date range","07/01/2026 12:00 AM - 07/31/2026 11:59 PM"


"Metric","Sessions"
"","Total sessions","1846"
"","Bot sessions","455"

"Metric","Pages per session"
"","Average","1.524377031419285"

"Metric","Scroll depth"
"","Average","30.13"

"Metric","Active time spent"
"","Active time","42"
"","Total time","244"

"Metric","Users overview"
"","Unique users","1396"
"","Sessions with new users","1425"
"","Sessions with returning users","421"

"Metric","Insights","No. of sessions","% of sessions"
"","Rage clicks","3","0.16%"
"","Dead click","68","3.68%"
"","Excessive scrolling","0","0%"
"","Quick back click","91","4.93%"

"Metric","Browsers","No. of sessions","% of sessions"
"","InstagramApp","576","31.20%"
"","Chrome","533","28.87%"
"","ChromeMobile","485","26.27%"
"","FacebookApp","126","6.83%"
"","MobileSafari","76","4.12%"
"","Edge","29","1.57%"
"","Safari","9","0.49%"
"","SamsungInternet","6","0.33%"
"","Firefox","5","0.27%"
"","GoogleApp","1","0.05%"

"Metric","Top pages","No. of sessions"
"","https://yiqi.com.ar/","1414"
"","https://yiqi.com.ar/ia-ready.html","150"
"","https://www.yiqi.com.ar/","87"
"","https://www.yiqi.com.ar/ia-ready.html","78"
"","https://www.yiqi.com.ar/novedades.html","55"
"","https://yiqi.com.ar/app.html","51"
"","https://smenendez-hue.github.io/web/app.html","50"
"","https://www.yiqi.com.ar/app.html","46"
"","https://smenendez-hue.github.io/web/index.html","42"
"","https://yiqi.com.ar/index.html","38"
"","https://yiqi.com.ar/api-docs.html","19"
"","https://yiqi.com.ar/novedades.html","19"

"Metric","Smart events","No. of sessions","% of sessions"
"","Outbound click","133","7.20%"
"","Login","39","2.11%"
"","Contact us","14","0.76%"

"Metric","Referrer","No. of sessions"
"","instagram.com","536"
"","l.facebook.com","445"
"","yiqi.com.ar","144"
"","m.facebook.com","142"
"","www.yiqi.com.ar","105"
"","www.google.com","70"
"","informes.yiqi.com.ar","19"
"","smenendez-hue.github.io","17"
"","l.instagram.com","14"
"","diguardia.github.io","8"
"","ar.search.yahoo.com","7"
"","com.google.android.gm","5"

"Metric","JavaScript errors"
"","Sessions with JavaScript errors"
""," total JavaScript errors","62"
"","","No. of sessions","% of sessions"
"","undefined is not an object (evaluating 'window.webkit.messagehandlers')","20","32.26%"
"","script error.","16","25.81%"
"","can't find variable: _autofillcallbackhandler","12","19.35%"
"","error invoking postmessage: java object is gone","8","12.90%"
"","typeerror: undefined is not an object (evaluating 'window.webkit.messagehandlers')","3","4.84%"

"Metric","Purchases"
"","Sessions with a purchase","No. of sessions","% of sessions"
"","","0","0%"

"Metric","Performance overview"
"","Score","69.21538461538462"
"","LCP (Largest Contentful Paint)","3.653s"
"","INP (Interaction to Next Paint)","446ms"
"","CLS (Cumulative Layout Shift)","0.202s"

"Metric","Bot traffic"
"webScraperBotSessions","60"
"suspiciousDeviceBotSessions","294"
"suspiciousNetworkBotSessions","149"
"suspiciousInteractionBotSessions","430"
"ppcAdFraudBotSessions","0"
"otherBotsSessions","0"
"__typename","BotTypes"
